<?xml version="1.0" encoding="UTF-8"?>
<!--Sample XML file generated by XMLSpy v2011 rel. 3 sp1 (x64) (http://www.altova.com)-->
<vmr:vMR xsi:schemaLocation="urn:hl7-org:v3:vmr:r2 vmr/vmr.xsd" xmlns:xsi="http://www.w3.org/2001/XMLSchema-instance" xmlns:dt="urn:hl7-org:v3:cdsdt:r2" xmlns:vmr="urn:hl7-org:v3:vmr:r2">
	<vmr:templateId root="OID for vMR" identifierName="String"/>
<!--	
		<vmr:relatedEntity>
			<vmr:targetRole codeSystem="OID for TBD" codeSystemName="TBD" code="TBD" displayName="TBD"/>
			<vmr:targetEntity xsi:type="vmr:Person">
				<vmr:attribute>
					<vmr:name codeSystem="OID for TBD" codeSystemName="TBD" code="TBD" displayName="TBD"/>
					<vmr:value xsi:type="dt:CD" codeSystem="OID for TBD" codeSystemName="TBD" code="TBD" displayName="TBD"/>
				</vmr:attribute>
				<vmr:description value="Consulting Provider"/>
			</vmr:targetEntity>
		</vmr:relatedEntity>-->
		<!--<vmr:templateId root="2.16.840.1.113883.3.1829.11.13.1.2" identifierName="Consulting Provider"/>-->
		<!--<vmr:templateId root="2.16.840.1.113883.3.1829.11.2.1.4" identifierName="Patient Minimal"/>-->
		<!--<vmr:templateId root="2.16.840.1.113883.3.1829.11.2.1.2" identifierName="Patient (DOB and Gender only)"/>-->
		<!--<vmr:templateId root="2.16.840.1.113883.3.1829.11.2.2.2" identifierName="Patient (DOB, Gender, Race, Ethnicity)"/>-->
		<!--<vmr:templateId root="2.16.840.1.113883.3.1829.11.2.1.3" identifierName="Patient (Age, Gender only)"/>-->
<vmr:patient>
	<vmr:templateId root="2.16.840.1.113883.3.1829.11.2.2.2" identifierName="Patient (DOB, Gender, Race, Ethnicity)"/>
	
<vmr:relatedEntity xsi:type="vmr:RelatedEntity">
	<vmr:targetRole codeSystem="OID for TBD" codeSystemName="TBD" code="TBD" displayName="Primary Provider"/>
	<vmr:targetEntity xsi:type="vmr:Person">
		<vmr:templateId root="2.16.840.1.113883.3.1829.11.13.1.3" identifierName="Provider"/>
		<vmr:description value=""/>
		<vmr:entityType codeSystem="OID for TBD" codeSystemName="TBD" code="TBD" displayName="Provider"/>
		<vmr:attribute>
			<vmr:name codeSystem="OID for TBD" codeSystemName="TBD" code="TBD" displayName="TBD"/>
			<vmr:value xsi:type="dt:CD" codeSystem="OID for TBD" codeSystemName="TBD" code="TBD" displayName="TBD"/>
		</vmr:attribute>
	</vmr:targetEntity>
</vmr:relatedEntity>
	
	<!--<vmr:age value="3.14159" unit="y"/>-->
	<vmr:birthTime value="19630525"/>
	<vmr:ethnicity codeSystem="OID for TBD" codeSystemName="TBD" code="TBD" displayName="TBD"/>
	<vmr:gender codeSystem="2.16.840.1.113883.1.11.1" codeSystemName="HL7" code="M" displayName="Male"/>
	<vmr:race codeSystem="OID for TBD" codeSystemName="TBD" code="TBD" displayName="TBD"/>
	
		
<vmr:clinicalStatement xsi:type="vmr:AdverseEvent">
	<vmr:templateId root="2.16.840.1.113883.3.1829.11.3.1.2" identifierName="Adverse Event to Medication or Immunization"/>
	<vmr:relatedEntity xsi:type="vmr:RelatedEntity">
		<vmr:targetRole codeSystem="OID for TBD" codeSystemName="TBD" code="TBD" displayName="TBD"/>
		<vmr:targetEntity xsi:type="vmr:AdministrableSubstance">
			<vmr:substanceCode/>
		</vmr:targetEntity>
	</vmr:relatedEntity>
	<vmr:adverseEventCode codeSystem="OID for TBD" codeSystemName="TBD" code="TBD" displayName="TBD"/>
	<vmr:adverseEventAgent codeSystem="OID for TBD" codeSystemName="TBD" code="TBD" displayName="TBD"/>
	<vmr:adverseEventTime><dt:low value="20130613080500"/><dt:high value="20130613080500"/></vmr:adverseEventTime>
	<vmr:affectedBodySite>
		<vmr:bodySiteCode codeSystem="OID for TBD" codeSystemName="TBD" code="TBD" displayName="TBD"/>
		<vmr:laterality codeSystem="OID for TBD" codeSystemName="TBD" code="TBD" displayName="TBD"/>
	</vmr:affectedBodySite>
	<vmr:documentationTime><dt:low value="20130613080500"/><dt:high value="20130613080500"/></vmr:documentationTime>
	<vmr:adverseEventStatus codeSystem="OID for TBD" codeSystemName="TBD" code="TBD" displayName="TBD"/>
	<vmr:severity/>
</vmr:clinicalStatement>

<vmr:clinicalStatement xsi:type="vmr:AdverseEvent">
	<vmr:templateId root="2.16.840.1.113883.3.1829.11.3.1.3" identifierName="Adverse Event to Food"/>
	<vmr:relatedEntity xsi:type="vmr:RelatedEntity">
		<vmr:targetRole codeSystem="OID for TBD" codeSystemName="TBD" code="TBD" displayName="TBD"/>
		<vmr:targetEntity xsi:type="vmr:Entity">
			<vmr:entityType codeSystem="OID for TBD" codeSystemName="TBD" code="TBD" displayName="TBD"/>
		</vmr:targetEntity>
	</vmr:relatedEntity>
	<vmr:adverseEventCode codeSystem="OID for TBD" codeSystemName="TBD" code="TBD" displayName="TBD"/>
	<vmr:adverseEventAgent codeSystem="OID for TBD" codeSystemName="TBD" code="TBD" displayName="TBD"/>
	<vmr:adverseEventTime><dt:low value="20130613080500"/><dt:high value="20130613080500"/></vmr:adverseEventTime>
	<vmr:documentationTime><dt:low value="20130613080500"/><dt:high value="20130613080500"/></vmr:documentationTime>
	<vmr:adverseEventStatus codeSystem="OID for TBD" codeSystemName="TBD" code="TBD" displayName="TBD"/>
	<vmr:severity codeSystem="OID for TBD" codeSystemName="TBD" code="TBD" displayName="TBD"/>
</vmr:clinicalStatement>

<vmr:clinicalStatement xsi:type="vmr:AdverseEvent">
	<vmr:templateId root="2.16.840.1.113883.3.1829.11.3.1.4" identifierName="Adverse Event to Other Substance"/>
	<vmr:relatedEntity xsi:type="vmr:RelatedEntity">
		<vmr:targetRole codeSystem="OID for TBD" codeSystemName="TBD" code="TBD" displayName="TBD"/>
		<vmr:targetEntity xsi:type="vmr:Entity">
			<vmr:entityType codeSystem="OID for TBD" codeSystemName="TBD" code="TBD" displayName="TBD"/>
		</vmr:targetEntity>
	</vmr:relatedEntity>
	<vmr:adverseEventCode codeSystem="OID for TBD" codeSystemName="TBD" code="TBD" displayName="TBD"/>
	<vmr:adverseEventAgent codeSystem="OID for TBD" codeSystemName="TBD" code="TBD" displayName="TBD"/>
	<vmr:adverseEventTime><dt:low value="20130613080500"/><dt:high value="20130613080500"/></vmr:adverseEventTime>
	<vmr:affectedBodySite>
		<vmr:bodySiteCode codeSystem="OID for TBD" codeSystemName="TBD" code="TBD" displayName="TBD"/>
		<vmr:laterality codeSystem="OID for TBD" codeSystemName="TBD" code="TBD" displayName="TBD"/>
	</vmr:affectedBodySite>
	<vmr:documentationTime><dt:low value="20130613080500"/><dt:high value="20130613080500"/></vmr:documentationTime>
	<vmr:adverseEventStatus codeSystem="OID for TBD" codeSystemName="TBD" code="TBD" displayName="TBD"/>
	<vmr:severity codeSystem="OID for TBD" codeSystemName="TBD" code="TBD" displayName="TBD"/>
</vmr:clinicalStatement>

<vmr:clinicalStatement xsi:type="vmr:AdverseEvent">
	<vmr:templateId root="2.16.840.1.113883.3.1829.11.3.1.2" identifierName="Denied Adverse Event"/>
	<vmr:adverseEventCode codeSystem="OID for TBD" codeSystemName="TBD" code="TBD" displayName="TBD"/>
	<vmr:adverseEventAgent codeSystem="OID for TBD" codeSystemName="TBD" code="TBD" displayName="TBD"/>
	<vmr:adverseEventTime><dt:low value="20130613080500"/><dt:high value="20130613080500"/></vmr:adverseEventTime>
	<vmr:documentationTime><dt:low value="20130613080500"/><dt:high value="20130613080500"/></vmr:documentationTime>
</vmr:clinicalStatement>

<vmr:clinicalStatement xsi:type="vmr:AdverseEvent">
	<vmr:templateId root="2.16.840.1.113883.3.1829.11.3.1.5" identifierName="Adverse Event Detail"/>
	<vmr:adverseEventCode codeSystem="OID for TBD" codeSystemName="TBD" code="TBD" displayName="TBD"/>
	<vmr:adverseEventAgent codeSystem="OID for TBD" codeSystemName="TBD" code="TBD" displayName="TBD"/>
	<vmr:adverseEventTime><dt:low value="20130613080500"/><dt:high value="20130613080500"/></vmr:adverseEventTime>
	<vmr:affectedBodySite>
		<vmr:bodySiteCode codeSystem="OID for TBD" codeSystemName="TBD" code="TBD" displayName="TBD"/>
		<vmr:laterality codeSystem="OID for TBD" codeSystemName="TBD" code="TBD" displayName="TBD"/>
	</vmr:affectedBodySite>
	<vmr:documentationTime><dt:low value="20130613080500"/><dt:high value="20130613080500"/></vmr:documentationTime>
	<vmr:adverseEventStatus codeSystem="OID for TBD" codeSystemName="TBD" code="TBD" displayName="TBD"/>
	<vmr:criticality codeSystem="OID for TBD" codeSystemName="TBD" code="TBD" displayName="TBD"/>
	<vmr:severity codeSystem="OID for TBD" codeSystemName="TBD" code="TBD" displayName="TBD"/>
</vmr:clinicalStatement>

<vmr:clinicalStatement xsi:type="vmr:EncounterEvent">
	<vmr:templateId root="2.16.840.1.113883.3.1829.11.4.3.6" identifierName="Encounter List Entry"/>
	<vmr:encounterType codeSystem="OID for TBD" codeSystemName="TBD" code="TBD" displayName="TBD"/>
	<vmr:encounterEventTime><dt:low value="20130613080500"/><dt:high value="20130613080500"/></vmr:encounterEventTime>
</vmr:clinicalStatement>

<vmr:clinicalStatement xsi:type="vmr:EncounterEvent">
	<vmr:templateId root="2.16.840.1.113883.3.1829.11.4.3.7" identifierName="Encounter Detail"/>
	
	<vmr:relatedEntity>
		<vmr:targetRole codeSystem="OID for TBD" codeSystemName="TBD" code="TBD" displayName="Place of Service"/>
		<vmr:targetEntity xsi:type="vmr:Facility">
			<vmr:templateId root="2.16.840.1.113883.3.1829.11.13.1.4" identifierName="Facility"/>
			<vmr:id root="OID for TBD" extension="TBD" identifierName="University of Utah Hospital"/>
			<vmr:entityType codeSystem="OID for TBD" codeSystemName="TBD" code="TBD" displayName="Hospital"/>
		</vmr:targetEntity>
	</vmr:relatedEntity>
	
	<vmr:relatedClinicalStatement>
		<vmr:targetRole codeSystem="OID for TBD" codeSystemName="TBD" code="TBD" displayName="Diagnosis Present on Admission"/>
		<vmr:targetClinicalStatement xsi:type="vmr:Problem">
			<vmr:templateId root="2.16.840.1.113883.3.1829.11.7.2.16" identifierName="Encounter Diagnosis"/>
			<vmr:problemCode codeSystem="OID for TBD" codeSystemName="TBD" code="TBD" displayName="TBD"/>
			<vmr:problemEffectiveTime><dt:low value="20130613080500"/><dt:high value="20130613080500"/></vmr:problemEffectiveTime>
		</vmr:targetClinicalStatement>
	</vmr:relatedClinicalStatement>
	
	<vmr:relatedClinicalStatement>
		<vmr:targetRole codeSystem="OID for TBD" codeSystemName="TBD" code="TBD" displayName="Component"/>
		<vmr:targetClinicalStatement xsi:type="vmr:ObservationResult">
			<vmr:templateId root="2.16.840.1.113883.3.1829.11.6.3.6" identifierName="Simple Lab Result"/>
			<vmr:observationFocus codeSystem="OID for TBD" codeSystemName="TBD" code="TBD" displayName="TBD"/><vmr:observationEventTime/>
			<vmr:observationValue xsi:type="dt:PQ" unit="%" value="40"/>
		</vmr:targetClinicalStatement>
	</vmr:relatedClinicalStatement>
	
	<vmr:relatedClinicalStatement>
		<vmr:targetRole codeSystem="OID for TBD" codeSystemName="TBD" code="TBD" displayName="Component"/>
		<vmr:targetClinicalStatement xsi:type="vmr:ProcedureEvent">
			<vmr:templateId root="2.16.840.1.113883.3.1829.11.8.1.2" identifierName="Simple Procedure History (Code and Date Only)"/>
			<vmr:procedureCode codeSystem="OID for TBD" codeSystemName="TBD" code="TBD" displayName="TBD"/>
			<vmr:procedureTime><dt:low value="20130613080500"/><dt:high value="20130613080500"/></vmr:procedureTime>
		</vmr:targetClinicalStatement>
	</vmr:relatedClinicalStatement>
	
	<vmr:encounterCode codeSystem="OID for TBD" codeSystemName="TBD" code="TBD" displayName="TBD"/>
	<vmr:encounterType codeSystem="OID for TBD" codeSystemName="TBD" code="TBD" displayName="TBD"/>
	<vmr:encounterEventTime><dt:low value="20130613080500"/><dt:high value="20130613080500"/></vmr:encounterEventTime>
</vmr:clinicalStatement>

<vmr:clinicalStatement xsi:type="vmr:Goal">
	<vmr:templateId root="2.16.840.1.113883.3.1829.11.5.1.2" identifierName="Current Goal List Entry (Code and Target Only)"/>
	<vmr:templateId root="2.16.840.1.113883.3.1829.11.11.15" identifierName="Value Datatype is PQ"/>
	<vmr:goalFocus codeSystem="OID for TBD" codeSystemName="TBD" code="TBD" displayName="TBD"/>
	<vmr:targetGoalValue xsi:type="dt:PQ" unit="lbs" value="150"/>
</vmr:clinicalStatement>

<vmr:clinicalStatement xsi:type="vmr:Goal">
	<vmr:templateId root="2.16.840.1.113883.3.1829.11.5.1.3" identifierName="Current Goal List Entry (Code, Time, and Target Only)"/>
	<vmr:templateId root="2.16.840.1.113883.3.1829.11.11.15" identifierName="Value Datatype is PQ"/>
	<vmr:goalFocus codeSystem="OID for TBD" codeSystemName="TBD" code="TBD" displayName="TBD"/>
	<vmr:goalPursuitEffectiveTime><dt:low value="20130613080500"/><dt:high value="20130613080500"/></vmr:goalPursuitEffectiveTime>
	<vmr:targetGoalValue xsi:type="dt:PQ" unit="lbs" value="150"/>
</vmr:clinicalStatement>

<vmr:clinicalStatement xsi:type="vmr:ObservationResult">
	<vmr:templateId root="2.16.840.1.113883.3.1829.11.6.3.6" identifierName="Simple Lab Result"/>
	<vmr:templateId root="2.16.840.1.113883.3.1829.11.11.15" identifierName="Value Datatype is PQ"/>
	<vmr:observationFocus codeSystem="OID for TBD" codeSystemName="TBD" code="TBD" displayName="TBD"/>
	<vmr:observationEventTime><dt:low value="20130613080500"/><dt:high value="20130613080500"/></vmr:observationEventTime>
	<vmr:observationValue xsi:type="dt:PQ" value="40" unit="%"/>
</vmr:clinicalStatement>

<vmr:clinicalStatement xsi:type="vmr:ObservationResult">
	<vmr:templateId root="2.16.840.1.113883.3.1829.11.6.3.7" identifierName="Observation Result with Interpretation"/>
	<vmr:templateId root="2.16.840.1.113883.3.1829.11.11.15" identifierName="Value Datatype is PQ"/>
	<vmr:observationFocus codeSystem="OID for TBD" codeSystemName="TBD" code="TBD" displayName="TBD"/>
	<vmr:interpretation codeSystem="OID for TBD" codeSystemName="TBD" code="TBD" displayName="TBD"/>
	<vmr:observationEventTime><dt:low value="20130613080500"/><dt:high value="20130613080500"/></vmr:observationEventTime>
	<vmr:observationValue xsi:type="dt:PQ" value="40" unit="%"/>
</vmr:clinicalStatement>

<vmr:clinicalStatement xsi:type="vmr:ObservationResult">
	<vmr:templateId root="2.16.840.1.113883.3.1829.11.6.3.9" identifierName="Microbiology Lab Result"/>
	<vmr:templateId root="2.16.840.1.113883.3.1829.11.14.1.11" identifierName="BodySite (Body Site Code Required)"/>
	
	<vmr:relatedEntity>
		<vmr:targetRole codeSystem="OID for TBD" codeSystemName="TBD" code="TBD" displayName="Specimen Source"/>
		<vmr:targetEntity xsi:type="vmr:Entity">
			<vmr:templateId root="2.16.840.1.113883.3.1829.11.13.5.1" identifierName="Specimen"/>
			<vmr:entityType codeSystem="OID for TBD" codeSystemName="TBD" code="TBD" displayName="TBD"/>
		</vmr:targetEntity>
	</vmr:relatedEntity>
	
	<vmr:relatedEntity>
		<vmr:targetRole codeSystem="OID for TBD" codeSystemName="TBD" code="TBD" displayName="TBD"/>
		<vmr:targetEntity xsi:type="vmr:Entity">
			<vmr:templateId root="2.16.840.1.113883.3.1829.11.13.4.1" identifierName="Identified Microorganism"/>
			<vmr:entityType codeSystem="OID for TBD" codeSystemName="TBD" code="TBD" displayName="TBD"/>
		</vmr:targetEntity>
	</vmr:relatedEntity>
				
	<vmr:observationFocus codeSystem="OID for TBD" codeSystemName="TBD" code="TBD" displayName="TBD"/>
	<vmr:observationMethod codeSystem="OID for TBD" codeSystemName="TBD" code="TBD" displayName="TBD"/>
	<vmr:targetBodySite>
		<vmr:bodySiteCode codeSystem="OID for TBD" codeSystemName="TBD" code="TBD" displayName="TBD"/>
		<vmr:laterality codeSystem="OID for TBD" codeSystemName="TBD" code="TBD" displayName="TBD"/>
	</vmr:targetBodySite>
	<vmr:interpretation codeSystem="OID for TBD" codeSystemName="TBD" code="TBD" displayName="TBD"/>
	<vmr:observationEventTime><dt:low value="20130613080500"/><dt:high value="20130613080500"/></vmr:observationEventTime>
	<vmr:observationValue xsi:type="dt:PQ" value="40" unit="%"/>
</vmr:clinicalStatement>

<vmr:clinicalStatement xsi:type="vmr:ObservationResult">
	<vmr:templateId root="2.16.840.1.113883.3.1829.11.6.3.12" identifierName="Microbiology Lab Result with Sensitivities"/>
	<vmr:templateId root="2.16.840.1.113883.3.1829.11.11.15" identifierName="Value Datatype is PQ"/>
	<vmr:templateId root="2.16.840.1.113883.3.1829.11.14.1.11" identifierName="BodySite (Body Site Code Required)"/>
	
	<vmr:relatedEntity>
		<vmr:targetRole codeSystem="OID for TBD" codeSystemName="TBD" code="TBD" displayName="Specimen Source"/>
		<vmr:targetEntity xsi:type="vmr:Entity">
			<vmr:templateId root="2.16.840.1.113883.3.1829.11.13.5.1" identifierName="Specimen"/>
			<vmr:entityType codeSystem="OID for TBD" codeSystemName="TBD" code="TBD" displayName="TBD"/>
		</vmr:targetEntity>
	</vmr:relatedEntity>
	
	<vmr:relatedClinicalStatement>
		<vmr:targetRole codeSystem="OID for TBD" codeSystemName="TBD" code="TBD" displayName="TBD"/>
		<vmr:targetClinicalStatement xsi:type="vmr:ObservationResult">
			<vmr:templateId root="2.16.840.1.113883.3.1829.11.6.3.11" identifierName="Microorganism Sensitivity"/>
			
			<vmr:relatedEntity>
				<vmr:targetRole codeSystem="OID for TBD" codeSystemName="TBD" code="TBD" displayName="TBD"/>
				<vmr:targetEntity xsi:type="vmr:Entity">
					<vmr:templateId root="2.16.840.1.113883.3.1829.11.13.4.1" identifierName="Identified Microorganism"/>
					<vmr:entityType codeSystem="OID for TBD" codeSystemName="TBD" code="TBD" displayName="TBD"/>
				</vmr:targetEntity>
			</vmr:relatedEntity>
			
			<vmr:observationFocus codeSystem="OID for TBD" codeSystemName="TBD" code="TBD" displayName="TBD"/>
			<vmr:observationMethod codeSystem="OID for TBD" codeSystemName="TBD" code="TBD" displayName="TBD"/>
			<vmr:targetBodySite>
				<vmr:bodySiteCode codeSystem="OID for TBD" codeSystemName="TBD" code="TBD" displayName="TBD"/>
				<vmr:laterality codeSystem="OID for TBD" codeSystemName="TBD" code="TBD" displayName="TBD"/>
			</vmr:targetBodySite>
			<vmr:observationEventTime><dt:low value="20130613080500"/><dt:high value="20130613080500"/></vmr:observationEventTime>
			<vmr:observationValue xsi:type="dt:PQ" value="1.0" unit="ml"/>
		</vmr:targetClinicalStatement>
	</vmr:relatedClinicalStatement>
	
	<vmr:observationFocus codeSystem="OID for TBD" codeSystemName="TBD" code="TBD" displayName="TBD"/>
	<vmr:observationMethod codeSystem="OID for TBD" codeSystemName="TBD" code="TBD" displayName="TBD"/>
	<vmr:targetBodySite>
		<vmr:bodySiteCode codeSystem="OID for TBD" codeSystemName="TBD" code="TBD" displayName="TBD"/>
		<vmr:laterality codeSystem="OID for TBD" codeSystemName="TBD" code="TBD" displayName="TBD"/>
	</vmr:targetBodySite>
	<vmr:interpretation codeSystem="OID for TBD" codeSystemName="TBD" code="TBD" displayName="TBD"/>
	<vmr:observationEventTime><dt:low value="20130613080500"/><dt:high value="20130613080500"/></vmr:observationEventTime>
	<vmr:observationValue xsi:type="dt:PQ" value="40" unit="%"/>
</vmr:clinicalStatement>

<vmr:targetClinicalStatement xsi:type="vmr:ObservationResult">
	<vmr:templateId root="2.16.840.1.113883.3.1829.11.6.3.11" identifierName="Microorganism Sensitivity"/>
	<vmr:templateId root="2.16.840.1.113883.3.1829.11.11.15" identifierName="Value Datatype is PQ"/>
	
	<vmr:relatedEntity>
		<vmr:targetRole codeSystem="OID for TBD" codeSystemName="TBD" code="TBD" displayName="TBD"/>
		<vmr:targetEntity xsi:type="vmr:Entity">
			<vmr:templateId root="2.16.840.1.113883.3.1829.11.13.4.1" identifierName="Identified Microorganism"/>
			<vmr:entityType codeSystem="OID for TBD" codeSystemName="TBD" code="TBD" displayName="TBD"/>
		</vmr:targetEntity>
	</vmr:relatedEntity>
	
	<vmr:observationFocus codeSystem="OID for TBD" codeSystemName="TBD" code="TBD" displayName="TBD"/>
	<vmr:observationMethod codeSystem="OID for TBD" codeSystemName="TBD" code="TBD" displayName="TBD"/>
	<vmr:targetBodySite>
		<vmr:bodySiteCode codeSystem="OID for TBD" codeSystemName="TBD" code="TBD" displayName="TBD"/>
		<vmr:laterality codeSystem="OID for TBD" codeSystemName="TBD" code="TBD" displayName="TBD"/>
	</vmr:targetBodySite>
	<vmr:observationEventTime><dt:low value="20130613080500"/><dt:high value="20130613080500"/></vmr:observationEventTime>
	<vmr:observationValue xsi:type="dt:PQ" value="1.0" unit="ml"/>
</vmr:targetClinicalStatement>
	
<vmr:targetClinicalStatement xsi:type="vmr:ObservationResult">
	<vmr:templateId root="2.16.840.1.113883.3.1829.11.6.3.10" identifierName="Vital Signs"/>
	<vmr:observationFocus codeSystem="OID for TBD" codeSystemName="TBD" code="TBD" displayName="TBD"/>
	<vmr:observationEventTime><dt:low value="20130613080500"/><dt:high value="20130613080500"/></vmr:observationEventTime>
	<vmr:observationValue xsi:type="dt:PQ" value="150" unit="lbs"/>
</vmr:targetClinicalStatement

<vmr:clinicalStatement xsi:type="vmr:Problem">
	<vmr:templateId root="2.16.840.1.113883.3.1829.11.7.2.4" identifierName="Active Problem List Entry (Code Only)"/>
	<vmr:problemCode codeSystem="OID for ICD9CM" codeSystemName="ICD9CM" code="250.00" displayName="Diabetes mellitus"/>
</vmr:clinicalStatement>

<vmr:clinicalStatement xsi:type="vmr:Problem">
	<vmr:templateId root="2.16.840.1.113883.3.1829.11.7.2.5" identifierName="Diagnosis History Entry (Code, Time Range, Criticality, and Status Only)"/>
	<vmr:problemCode codeSystem="OID for ICD9CM" codeSystemName="ICD9CM" code="250.00" displayName="Diabetes mellitus"/>
	<vmr:problemEffectiveTime><dt:low value="20130613080500"/><dt:high value="20130613080500"/></vmr:problemEffectiveTime>
	<vmr:problemStatus codeSystem="OID for TBD" codeSystemName="TBD" code="TBD" displayName="TBD"/>
	<vmr:severity codeSystem="OID for TBD" codeSystemName="TBD" code="TBD" displayName="TBD"/>
</vmr:clinicalStatement>

<vmr:clinicalStatement xsi:type="vmr:Problem">
	<vmr:templateId root="2.16.840.1.113883.3.1829.11.7.2.17" identifierName="Family Medical History Entry (Code, Time Range, Criticality, and Status Only)"/>
	<vmr:problemCode codeSystem="OID for ICD9CM" codeSystemName="ICD9CM" code="250.00" displayName="Diabetes mellitus"/>
	<vmr:problemEffectiveTime><dt:low value="20130613080500"/><dt:high value="20130613080500"/></vmr:problemEffectiveTime>
	<vmr:problemStatus codeSystem="OID for SNOMED CT" codeSystemName="SNOMED CT" code="[statusCode]" displayName="[statusName]"/>
	<vmr:severity codeSystem="OID for TBD" codeSystemName="TBD" code="TBD" displayName="TBD"/>
</vmr:clinicalStatement>

<vmr:clinicalStatement xsi:type="vmr:Problem">
	<vmr:templateId root="2.16.840.1.113883.3.1829.11.7.2.16" identifierName="Encounter Diagnosis"/>
	<vmr:diagnosticEventTime><dt:low value="20130613080500"/><dt:high value="20130613080500"/></vmr:diagnosticEventTime>
	<vmr:problemCode codeSystem="OID for ICD9CM" codeSystemName="ICD9CM" code="250.00" displayName="Diabetes mellitus"/>
	<vmr:priorityInEncounter codeSystem="OID for TBD" codeSystemName="TBD" code="TBD" displayName="TBD"/> 
</vmr:clinicalStatement>

<!-- end of primary ClinicalStatements -->

<vmr:relatedEvaluatedPerson>
	<vmr:targetRole codeSystem="OID for TBD" codeSystemName="TBD" code="TBD" displayName="TBD"/>
	<vmr:evaluatedPerson xsi:type="vmr:EvaluatedPerson">
		<vmr:templateId root="2.16.840.1.113883.3.1829.11.2.4.2" identifierName="Patient Relative"/>
		<vmr:age value="3.14159" unit="y"/>
		<vmr:ageAtDeath value="68" unit="y"/>
		<vmr:birthTime value="19630525"/>
		<vmr:ethnicity codeSystem="OID for TBD" codeSystemName="TBD" code="TBD" displayName="TBD"/>
		<vmr:gender codeSystem="2.16.840.1.113883.1.11.1" codeSystemName="HL7" code="M" displayName="Male"/>
		<vmr:isDeceased value="false"/>
	</vmr:evaluatedPerson>
</vmr:relatedEvaluatedPerson>

	<vmr:relatedEvaluatedPerson>
		<vmr:targetRole codeSystem="OID for TBD" codeSystemName="TBD" code="TBD" displayName="TBD"/>
		<vmr:evaluatedPerson xsi:type="vmr:EvaluatedPerson">
			<vmr:templateId root="2.16.840.1.113883.3.1829.11.2.5.2" identifierName="Patient Relative Minimal"/>
			<vmr:ageAtDeath value="68" unit="y"/>
			<vmr:gender codeSystem="2.16.840.1.113883.1.11.1" codeSystemName="HL7" code="M" displayName="Male"/>
		</vmr:evaluatedPerson>
	</vmr:relatedEvaluatedPerson>

	<vmr:relatedEvaluatedPerson>
		<vmr:targetRole codeSystem="OID for TBD" codeSystemName="TBD" code="TBD" displayName="TBD"/>
		<vmr:evaluatedPerson xsi:type="vmr:EvaluatedPerson">
			<vmr:templateId root="2.16.840.1.113883.3.1829.11.2.5.2" identifierName="Patient Relative Minimal"/>
			<vmr:ageAtDeath value="68" unit="y"/>
			<vmr:gender codeSystem="2.16.840.1.113883.1.11.1" codeSystemName="HL7" code="M" displayName="Male"/>
			<vmr:clinicalStatement xsi:type="vmr:Problem">
				<vmr:templateId root="2.16.840.1.113883.3.1829.11.7.2.17" identifierName="Family Medical History Entry (Code, Time Range, Criticality, and Status Only)"/>
				<vmr:problemCode codeSystem="OID for ICD9CM" codeSystemName="ICD9CM" code="250.00" displayName="Diabetes mellitus"/>
				<vmr:problemEffectiveTime><dt:low value="20130613080500"/><dt:high value="20130613080500"/></vmr:problemEffectiveTime>
				<vmr:problemStatus codeSystem="OID for SNOMED CT" codeSystemName="SNOMED CT" code="[statusCode]" displayName="[statusName]"/>
				<vmr:severity codeSystem="OID for TBD" codeSystemName="TBD" code="TBD" displayName="TBD"/>
			</vmr:clinicalStatement>
		</vmr:evaluatedPerson>
	</vmr:relatedEvaluatedPerson>


	</vmr:patient>
</vmr:vMR>
