<?xml version="1.0" encoding="UTF-8"?>
<ClinicalStatement xmlns:xsi="http://www.w3.org/2001/XMLSchema-instance"
    xsi:schemaLocation="urn:hl7-org:vmr:r2 ../../../schemata/vmr/vmr.xsd" xmlns="urn:hl7-org:vmr:r2"
 xmlns:dt="urn:hl7-org:cdsdt:r2" xsi:type="AdverseEvent">
    <templateId root="2.16.840.1.113883.3.1829.11.3.1.2" identifierName="AdverseEventToMedicationOrImmunization"/>
    <documentationTime><dt:low value="20130613080500"/><dt:high value="20130613080500"/></documentationTime>
    <adverseEventCode codeSystem="PTS" codeSystemName="PTS" code="PTS"><dt:displayName value="PTS"/></adverseEventCode>
    <adverseEventAgent codeSystem="PTS" codeSystemName="PTS" code="PTS"><dt:displayName value="PTS"/></adverseEventAgent>
    <adverseEventTime><dt:low value="20130613080500"/><dt:high value="20130613080500"/></adverseEventTime>
    <affectedBodySite>
        <bodySiteCode codeSystem="PTS" codeSystemName="PTS" code="PTS"><dt:displayName value="PTS"/></bodySiteCode>
        <laterality codeSystem="PTS" codeSystemName="PTS" code="PTS"><dt:displayName value="PTS"/></laterality>
    </affectedBodySite>
            <adverseEventStatus codeSystem="PTS" codeSystemName="PTS" code="PTS"><dt:displayName value="PTS"/></adverseEventStatus>
            <severity codeSystem="PTS" codeSystemName="PTS" code="PTS"><dt:displayName value="PTS"/></severity>
</ClinicalStatement>
