<?xml version="1.0" encoding="UTF-8"?>
<!-- Sample CDS output using vMR DAM XSDs derived from vMR DAM Enterprise Architect model. -->
<out:cdsOutput xmlns:out="org.opencds.vmr.v1_0.schema.cdsoutput" xmlns:xsi="http://www.w3.org/2001/XMLSchema-instance" xmlns:dt="org.opencds.vmr.v1_0.schema.datatypes" xsi:schemaLocation="org.opencds.vmr.v1_0.schema.cdsoutput ../Schemas/cdsOutput.xsd">
	<vmrOutput>
		<templateId root="templateIdOidVmr"/>
		<!-- information on the patient evaluated -->
		<patient>
			<id extension="person001" root="1.2.3"/>
			<demographics/>
			<clinicalStatements>
				<substanceAdministrationProposals>
					<substanceAdministrationProposal>
						<id root="someRandomGUID"/>
						<substance>
							<id root="someRandomGUID"/>
							<substanceCode  codeSystem="cvxOid" code="109" displayName="Pneumococcal vaccination"/>
						</substance>
					</substanceAdministrationProposal>
				</substanceAdministrationProposals>
			</clinicalStatements>			
		</patient>
	</vmrOutput>
</out:cdsOutput>