<?xml version="1.0" encoding="UTF-8"?>
<!-- Q8H: Give every 8 hours for 5 days -->
<Cycle xmlns:xsi="http://www.w3.org/2001/XMLSchema-instance"
    xsi:schemaLocation="urn:hl7-org:cdsdt:r2 ../../../../schemata/common/datatypes.xsd urn:hl7-org:vmr:r2 ../../../../schemata/vmr/vmr.xsd"
    xmlns="urn:hl7-org:vmr:r2" xmlns:dt="urn:hl7-org:cdsdt:r2">
    <cycleLength>
        <dt:low value='24' unit='h'/>
        <dt:high value='24' unit='h'/>
    </cycleLength>
    <totalCycleCount value="5"/>
    <cycleTiming xsi:type='RecurringEvent'>
        <frequencyPerCycle>
            <dt:low value="3"/>
            <dt:high value="3"/>
        </frequencyPerCycle>
        <intervalIsImportant value='true'/>
    </cycleTiming>
</Cycle>