<?xml version="1.0" encoding="utf-8" ?> 
<map xmlns="urn:hl7-org:knowledgeartifact:r1:engine" xmlns:xsi="http://www.w3.org/2001/XMLSchema-instance" xsi:schemaLocation="urn:hl7-org:knowledgeartifact:r1:engine HandlerMap.xsd" handlerType="Verification">
	<!-- Base Expression Types -->
	<entry key="urn:hl7-org:knowledgeartifact:r1:ExpressionRef" value="HeD.Engine.Verification.ExpressionRefVerifier, HeDEngine"/>
	<entry key="urn:hl7-org:knowledgeartifact:r1:ParameterRef" value="HeD.Engine.Verification.ParameterRefVerifier, HeDEngine"/>
	<entry key="urn:hl7-org:knowledgeartifact:r1:Literal" value="HeD.Engine.Verification.LiteralVerifier, HeDEngine"/>
	<entry key="urn:hl7-org:knowledgeartifact:r1:ComplexLiteral" value="HeD.Engine.Verification.ComplexLiteralVerifier, HeDEngine"/>
	<entry key="urn:hl7-org:knowledgeartifact:r1:ObjectExpression" value="HeD.Engine.Verification.ObjectExpressionVerifier, HeDEngine"/>
	<entry key="urn:hl7-org:knowledgeartifact:r1:ObjectDescriptor" value="HeD.Engine.Verification.ObjectExpressionVerifier, HeDEngine"/>
	<entry key="urn:hl7-org:knowledgeartifact:r1:ObjectRedefine" value="HeD.Engine.Verification.ObjectRedefineVerifier, HeDEngine"/>
	<entry key="urn:hl7-org:knowledgeartifact:r1:Interval" value="HeD.Engine.Verification.IntervalVerifier, HeDEngine"/>
	<entry key="urn:hl7-org:knowledgeartifact:r1:List" value="HeD.Engine.Verification.ListVerifier, HeDEngine"/>
	<entry key="urn:hl7-org:knowledgeartifact:r1:And" value="HeD.Engine.Verification.NaryLogicalNodeVerifier, HeDEngine"/>
	<entry key="urn:hl7-org:knowledgeartifact:r1:Or" value="HeD.Engine.Verification.NaryLogicalNodeVerifier, HeDEngine"/>
	<entry key="urn:hl7-org:knowledgeartifact:r1:Not" value="HeD.Engine.Verification.OperatorNodeVerifier, HeDEngine"/>
	<entry key="urn:hl7-org:knowledgeartifact:r1:Conditional" value="HeD.Engine.Verification.ConditionalVerifier, HeDEngine"/>
	<entry key="urn:hl7-org:knowledgeartifact:r1:Case" value="HeD.Engine.Verification.CaseVerifier, HeDEngine"/>
	<entry key="urn:hl7-org:knowledgeartifact:r1:Null" value="HeD.Engine.Verification.NullVerifier, HeDEngine"/>
	<entry key="urn:hl7-org:knowledgeartifact:r1:IsNull" value="HeD.Engine.Verification.IsNullVerifier, HeDEngine"/>
	<entry key="urn:hl7-org:knowledgeartifact:r1:IfNull" value="HeD.Engine.Verification.IfNullVerifier, HeDEngine"/>
	<entry key="urn:hl7-org:knowledgeartifact:r1:Coalesce" value="HeD.Engine.Verification.CoalesceVerifier, HeDEngine"/>
	<entry key="urn:hl7-org:knowledgeartifact:r1:Is" value="HeD.Engine.Verification.IsVerifier, HeDEngine"/>
	<entry key="urn:hl7-org:knowledgeartifact:r1:As" value="HeD.Engine.Verification.AsVerifier, HeDEngine"/>
	<entry key="urn:hl7-org:knowledgeartifact:r1:Convert" value="HeD.Engine.Verification.ConvertVerifier, HeDEngine"/>
	<entry key="urn:hl7-org:knowledgeartifact:r1:Equal" value="HeD.Engine.Verification.EqualVerifier, HeDEngine"/>
	<entry key="urn:hl7-org:knowledgeartifact:r1:NotEqual" value="HeD.Engine.Verification.NotEqualVerifier, HeDEngine"/>
	<entry key="urn:hl7-org:knowledgeartifact:r1:Less" value="HeD.Engine.Verification.OperatorNodeVerifier, HeDEngine"/>
	<entry key="urn:hl7-org:knowledgeartifact:r1:Greater" value="HeD.Engine.Verification.OperatorNodeVerifier, HeDEngine"/>
	<entry key="urn:hl7-org:knowledgeartifact:r1:LessOrEqual" value="HeD.Engine.Verification.OperatorNodeVerifier, HeDEngine"/>
	<entry key="urn:hl7-org:knowledgeartifact:r1:GreaterOrEqual" value="HeD.Engine.Verification.OperatorNodeVerifier, HeDEngine"/>
	<entry key="urn:hl7-org:knowledgeartifact:r1:Add" value="HeD.Engine.Verification.OperatorNodeVerifier, HeDEngine"/>
	<entry key="urn:hl7-org:knowledgeartifact:r1:Subtract" value="HeD.Engine.Verification.OperatorNodeVerifier, HeDEngine"/>
	<entry key="urn:hl7-org:knowledgeartifact:r1:Multiply" value="HeD.Engine.Verification.OperatorNodeVerifier, HeDEngine"/>
	<entry key="urn:hl7-org:knowledgeartifact:r1:Divide" value="HeD.Engine.Verification.OperatorNodeVerifier, HeDEngine"/>
	<entry key="urn:hl7-org:knowledgeartifact:r1:TruncatedDivide" value="HeD.Engine.Verification.OperatorNodeVerifier, HeDEngine"/>
	<entry key="urn:hl7-org:knowledgeartifact:r1:Modulo" value="HeD.Engine.Verification.OperatorNodeVerifier, HeDEngine"/>
	<entry key="urn:hl7-org:knowledgeartifact:r1:Ceiling" value="HeD.Engine.Verification.OperatorNodeVerifier, HeDEngine"/>
	<entry key="urn:hl7-org:knowledgeartifact:r1:Floor" value="HeD.Engine.Verification.OperatorNodeVerifier, HeDEngine"/>
	<entry key="urn:hl7-org:knowledgeartifact:r1:Truncate" value="HeD.Engine.Verification.OperatorNodeVerifier, HeDEngine"/>
	<entry key="urn:hl7-org:knowledgeartifact:r1:Abs" value="HeD.Engine.Verification.OperatorNodeVerifier, HeDEngine"/>
	<entry key="urn:hl7-org:knowledgeartifact:r1:Negate" value="HeD.Engine.Verification.OperatorNodeVerifier, HeDEngine"/>
	<entry key="urn:hl7-org:knowledgeartifact:r1:Round" value="HeD.Engine.Verification.OperatorNodeVerifier, HeDEngine"/>
	<entry key="urn:hl7-org:knowledgeartifact:r1:Ln" value="HeD.Engine.Verification.OperatorNodeVerifier, HeDEngine"/>
	<entry key="urn:hl7-org:knowledgeartifact:r1:Log" value="HeD.Engine.Verification.OperatorNodeVerifier, HeDEngine"/>
	<entry key="urn:hl7-org:knowledgeartifact:r1:Power" value="HeD.Engine.Verification.OperatorNodeVerifier, HeDEngine"/>
	<entry key="urn:hl7-org:knowledgeartifact:r1:Succ" value="HeD.Engine.Verification.OperatorNodeVerifier, HeDEngine"/>
	<entry key="urn:hl7-org:knowledgeartifact:r1:Pred" value="HeD.Engine.Verification.OperatorNodeVerifier, HeDEngine"/>
	<entry key="urn:hl7-org:knowledgeartifact:r1:MinValue" value="HeD.Engine.Verification.BoundaryValueVerifier, HeDEngine"/>
	<entry key="urn:hl7-org:knowledgeartifact:r1:MaxValue" value="HeD.Engine.Verification.BoundaryValueVerifier, HeDEngine"/>
	<entry key="urn:hl7-org:knowledgeartifact:r1:Concat" value="HeD.Engine.Verification.ConcatVerifier, HeDEngine"/>
	<entry key="urn:hl7-org:knowledgeartifact:r1:Combine" value="HeD.Engine.Verification.OperatorNodeVerifier, HeDEngine"/>
	<entry key="urn:hl7-org:knowledgeartifact:r1:Split" value="HeD.Engine.Verification.OperatorNodeVerifier, HeDEngine"/>
	<entry key="urn:hl7-org:knowledgeartifact:r1:Length" value="HeD.Engine.Verification.LengthVerifier, HeDEngine"/>
	<entry key="urn:hl7-org:knowledgeartifact:r1:Upper" value="HeD.Engine.Verification.OperatorNodeVerifier, HeDEngine"/>
	<entry key="urn:hl7-org:knowledgeartifact:r1:Lower" value="HeD.Engine.Verification.OperatorNodeVerifier, HeDEngine"/>
	<entry key="urn:hl7-org:knowledgeartifact:r1:Indexer" value="HeD.Engine.Verification.IndexerVerifier, HeDEngine"/>
	<entry key="urn:hl7-org:knowledgeartifact:r1:Pos" value="HeD.Engine.Verification.OperatorNodeVerifier, HeDEngine"/>
	<entry key="urn:hl7-org:knowledgeartifact:r1:Substring" value="HeD.Engine.Verification.OperatorNodeVerifier, HeDEngine"/>
	<entry key="urn:hl7-org:knowledgeartifact:r1:DateAdd" value="HeD.Engine.Verification.OperatorNodeVerifier, HeDEngine"/>
	<entry key="urn:hl7-org:knowledgeartifact:r1:DateDiff" value="HeD.Engine.Verification.OperatorNodeVerifier, HeDEngine"/>
	<entry key="urn:hl7-org:knowledgeartifact:r1:DatePart" value="HeD.Engine.Verification.OperatorNodeVerifier, HeDEngine"/>
	<entry key="urn:hl7-org:knowledgeartifact:r1:DateOf" value="HeD.Engine.Verification.OperatorNodeVerifier, HeDEngine"/>
	<entry key="urn:hl7-org:knowledgeartifact:r1:TimeOf" value="HeD.Engine.Verification.OperatorNodeVerifier, HeDEngine"/>
	<entry key="urn:hl7-org:knowledgeartifact:r1:Today" value="HeD.Engine.Verification.OperatorNodeVerifier, HeDEngine"/>
	<entry key="urn:hl7-org:knowledgeartifact:r1:Now" value="HeD.Engine.Verification.OperatorNodeVerifier, HeDEngine"/>
	<entry key="urn:hl7-org:knowledgeartifact:r1:Date" value="HeD.Engine.Verification.OperatorNodeVerifier, HeDEngine"/>
	<entry key="urn:hl7-org:knowledgeartifact:r1:Contains" value="HeD.Engine.Verification.ContainsVerifier, HeDEngine"/>
	<entry key="urn:hl7-org:knowledgeartifact:r1:In" value="HeD.Engine.Verification.InVerifier, HeDEngine"/>
	<entry key="urn:hl7-org:knowledgeartifact:r1:Includes" value="HeD.Engine.Verification.BinaryListOrIntervalVerifier, HeDEngine"/>
	<entry key="urn:hl7-org:knowledgeartifact:r1:IncludedIn" value="HeD.Engine.Verification.BinaryListOrIntervalVerifier, HeDEngine"/>
	<entry key="urn:hl7-org:knowledgeartifact:r1:ProperIncludes" value="HeD.Engine.Verification.BinaryListOrIntervalVerifier, HeDEngine"/>
	<entry key="urn:hl7-org:knowledgeartifact:r1:ProperIncludedIn" value="HeD.Engine.Verification.BinaryListOrIntervalVerifier, HeDEngine"/>
	<entry key="urn:hl7-org:knowledgeartifact:r1:Before" value="HeD.Engine.Verification.BinaryIntervalVerifier, HeDEngine"/>
	<entry key="urn:hl7-org:knowledgeartifact:r1:After" value="HeD.Engine.Verification.BinaryIntervalVerifier, HeDEngine"/>
	<entry key="urn:hl7-org:knowledgeartifact:r1:Begins" value="HeD.Engine.Verification.BinaryIntervalVerifier, HeDEngine"/>
	<entry key="urn:hl7-org:knowledgeartifact:r1:Ends" value="HeD.Engine.Verification.BinaryIntervalVerifier, HeDEngine"/>
	<entry key="urn:hl7-org:knowledgeartifact:r1:Meets" value="HeD.Engine.Verification.BinaryIntervalVerifier, HeDEngine"/>
	<entry key="urn:hl7-org:knowledgeartifact:r1:Overlaps" value="HeD.Engine.Verification.BinaryIntervalVerifier, HeDEngine"/>
	<entry key="urn:hl7-org:knowledgeartifact:r1:OverlapsBefore" value="HeD.Engine.Verification.BinaryIntervalVerifier, HeDEngine"/>
	<entry key="urn:hl7-org:knowledgeartifact:r1:OverlapsAfter" value="HeD.Engine.Verification.BinaryIntervalVerifier, HeDEngine"/>
	<entry key="urn:hl7-org:knowledgeartifact:r1:Union" value="HeD.Engine.Verification.NaryListOrIntervalVerifier, HeDEngine"/>
	<entry key="urn:hl7-org:knowledgeartifact:r1:Intersect" value="HeD.Engine.Verification.NaryListOrIntervalVerifier, HeDEngine"/>
	<entry key="urn:hl7-org:knowledgeartifact:r1:Difference" value="HeD.Engine.Verification.BinaryListOrIntervalVerifier, HeDEngine"/>
	<entry key="urn:hl7-org:knowledgeartifact:r1:Begin" value="HeD.Engine.Verification.UnaryIntervalVerifier, HeDEngine"/>
	<entry key="urn:hl7-org:knowledgeartifact:r1:End" value="HeD.Engine.Verification.UnaryIntervalVerifier, HeDEngine"/>
	<entry key="urn:hl7-org:knowledgeartifact:r1:Collapse" value="HeD.Engine.Verification.CollapseVerifier, HeDEngine"/>
	<entry key="urn:hl7-org:knowledgeartifact:r1:Expand" value="HeD.Engine.Verification.ExpandVerifier, HeDEngine"/>
	<entry key="urn:hl7-org:knowledgeartifact:r1:IsEmpty" value="HeD.Engine.Verification.IsEmptyVerifier, HeDEngine"/>
	<entry key="urn:hl7-org:knowledgeartifact:r1:IsNotEmpty" value="HeD.Engine.Verification.IsNotEmptyVerifier, HeDEngine"/>
	<entry key="urn:hl7-org:knowledgeartifact:r1:First" value="HeD.Engine.Verification.FirstVerifier, HeDEngine"/>
	<entry key="urn:hl7-org:knowledgeartifact:r1:Last" value="HeD.Engine.Verification.LastVerifier, HeDEngine"/>
	<entry key="urn:hl7-org:knowledgeartifact:r1:Filter" value="HeD.Engine.Verification.FilterVerifier, HeDEngine"/>
	<entry key="urn:hl7-org:knowledgeartifact:r1:IndexOf" value="HeD.Engine.Verification.IndexOfVerifier, HeDEngine"/>
	<entry key="urn:hl7-org:knowledgeartifact:r1:In" value="HeD.Engine.Verification.InVerifier, HeDEngine"/>
	<entry key="urn:hl7-org:knowledgeartifact:r1:Sort" value="HeD.Engine.Verification.SortVerifier, HeDEngine"/>
	<entry key="urn:hl7-org:knowledgeartifact:r1:Distinct" value="HeD.Engine.Verification.DistinctVerifier, HeDEngine"/>
	<entry key="urn:hl7-org:knowledgeartifact:r1:ForEach" value="HeD.Engine.Verification.ForEachVerifier, HeDEngine"/>
	<entry key="urn:hl7-org:knowledgeartifact:r1:Current" value="HeD.Engine.Verification.CurrentVerifier, HeDEngine"/>
	<entry key="urn:hl7-org:knowledgeartifact:r1:Count" value="HeD.Engine.Verification.CountVerifier, HeDEngine"/>
	<entry key="urn:hl7-org:knowledgeartifact:r1:Sum" value="HeD.Engine.Verification.SumVerifier, HeDEngine"/>
	<entry key="urn:hl7-org:knowledgeartifact:r1:Min" value="HeD.Engine.Verification.MinVerifier, HeDEngine"/>
	<entry key="urn:hl7-org:knowledgeartifact:r1:Max" value="HeD.Engine.Verification.MaxVerifier, HeDEngine"/>
	<entry key="urn:hl7-org:knowledgeartifact:r1:Avg" value="HeD.Engine.Verification.AvgVerifier, HeDEngine"/>
	<entry key="urn:hl7-org:knowledgeartifact:r1:Median" value="HeD.Engine.Verification.MedianVerifier, HeDEngine"/>
	<entry key="urn:hl7-org:knowledgeartifact:r1:Mode" value="HeD.Engine.Verification.ModeVerifier, HeDEngine"/>
	<entry key="urn:hl7-org:knowledgeartifact:r1:Variance" value="HeD.Engine.Verification.VarianceVerifier, HeDEngine"/>
	<entry key="urn:hl7-org:knowledgeartifact:r1:PopulationVariance" value="HeD.Engine.Verification.VarianceVerifier, HeDEngine"/>
	<entry key="urn:hl7-org:knowledgeartifact:r1:StdDev" value="HeD.Engine.Verification.StdDevVerifier, HeDEngine"/>
	<entry key="urn:hl7-org:knowledgeartifact:r1:PopulationStdDev" value="HeD.Engine.Verification.StdDevVerifier, HeDEngine"/>
	<entry key="urn:hl7-org:knowledgeartifact:r1:AllTrue" value="HeD.Engine.Verification.LogicalAggregateVerifier, HeDEngine"/>
	<entry key="urn:hl7-org:knowledgeartifact:r1:AnyTrue" value="HeD.Engine.Verification.LogicalAggregateVerifier, HeDEngine"/>
	<entry key="urn:hl7-org:knowledgeartifact:r1:Property" value="HeD.Engine.Verification.PropertyVerifier, HeDEngine"/>
	<!-- Literal Expression Types -->
	<entry key="urn:hl7-org:knowledgeartifact:r1:AddressLiteral" value="HeD.Engine.Verification.AddressLiteralVerifier, HeDEngine"/>
	<entry key="urn:hl7-org:knowledgeartifact:r1:BooleanLiteral" value="HeD.Engine.Verification.BooleanLiteralVerifier, HeDEngine"/>
	<entry key="urn:hl7-org:knowledgeartifact:r1:CodeLiteral" value="HeD.Engine.Verification.CodeLiteralVerifier, HeDEngine"/>
	<entry key="urn:hl7-org:knowledgeartifact:r1:CodedOrdinalLiteral" value="HeD.Engine.Verification.CodedOrdinalLiteralVerifier, HeDEngine"/>
	<entry key="urn:hl7-org:knowledgeartifact:r1:SimpleCodeLiteral" value="HeD.Engine.Verification.SimpleCodeLiteralVerifier, HeDEngine"/>
	<entry key="urn:hl7-org:knowledgeartifact:r1:EntityNameLiteral" value="HeD.Engine.Verification.EntityNameLiteralVerifier, HeDEngine"/>
	<entry key="urn:hl7-org:knowledgeartifact:r1:IdentifierLiteral" value="HeD.Engine.Verification.IdentifierLiteralVerifier, HeDEngine"/>
	<entry key="urn:hl7-org:knowledgeartifact:r1:IntegerLiteral" value="HeD.Engine.Verification.IntegerLiteralVerifier, HeDEngine"/>
	<entry key="urn:hl7-org:knowledgeartifact:r1:IntegerIntervalLiteral" value="HeD.Engine.Verification.IntegerIntervalLiteralVerifier, HeDEngine"/>
	<entry key="urn:hl7-org:knowledgeartifact:r1:PhysicalQuantityIntervalLiteral" value="HeD.Engine.Verification.PhysicalQuantityIntervalLiteralVerifier, HeDEngine"/>
	<entry key="urn:hl7-org:knowledgeartifact:r1:QuantityIntervalLiteral" value="HeD.Engine.Verification.QuantityIntervalLiteralVerifier, HeDEngine"/>
	<!--entry key="urn:hl7-org:knowledgeartifact:r1:IntegerRatioIntervalLiteral" value="HeD.Engine.Verification.IntegerRatioIntervalLiteralVerifier, HeDEngine"/-->
	<!--entry key="urn:hl7-org:knowledgeartifact:r1:PhysicalQuantityRatioIntervalLiteral" value="HeD.Engine.Verification.PhysicalQuantityRatioIntervalLiteralVerifier, HeDEngine"/-->
	<entry key="urn:hl7-org:knowledgeartifact:r1:RealIntervalLiteral" value="HeD.Engine.Verification.RealIntervalLiteralVerifier, HeDEngine"/>
	<entry key="urn:hl7-org:knowledgeartifact:r1:TimestampIntervalLiteral" value="HeD.Engine.Verification.TimestampIntervalLiteralVerifier, HeDEngine"/>
	<entry key="urn:hl7-org:knowledgeartifact:r1:PhysicalQuantityLiteral" value="HeD.Engine.Verification.PhysicalQuantityLiteralVerifier, HeDEngine"/>
	<entry key="urn:hl7-org:knowledgeartifact:r1:RatioLiteral" value="HeD.Engine.Verification.RatioLiteralVerifier, HeDEngine"/>
	<entry key="urn:hl7-org:knowledgeartifact:r1:RealLiteral" value="HeD.Engine.Verification.RealLiteralVerifier, HeDEngine"/>
	<!--entry key="urn:hl7-org:knowledgeartifact:r1:IntegerRatioLiteral" value="HeD.Engine.Verification.IntegerRatioLiteralVerifier, HeDEngine"/-->
	<!--entry key="urn:hl7-org:knowledgeartifact:r1:PhysicalQuantityRatioLiteral" value="HeD.Engine.Verification.PhysicalQuantityRatioLiteralVerifier, HeDEngine"/-->
	<entry key="urn:hl7-org:knowledgeartifact:r1:StringLiteral" value="HeD.Engine.Verification.StringLiteralVerifier, HeDEngine"/>
	<entry key="urn:hl7-org:knowledgeartifact:r1:UrlLiteral" value="HeD.Engine.Verification.UrlLiteralVerifier, HeDEngine"/>
	<entry key="urn:hl7-org:knowledgeartifact:r1:TimestampLiteral" value="HeD.Engine.Verification.TimestampLiteralVerifier, HeDEngine"/>
	<entry key="urn:hl7-org:knowledgeartifact:r1:PeriodLiteral" value="HeD.Engine.Verification.PeriodLiteralVerifier, HeDEngine"/>
	<!-- Clinical Expression Types -->
	<entry key="urn:hl7-org:knowledgeartifact:r1:DataRequest" value="HeD.Engine.Verification.DataRequestVerifier, HeDEngine"/>
	<entry key="urn:hl7-org:knowledgeartifact:r1:ClinicalRequest" value="HeD.Engine.Verification.ClinicalRequestVerifier, HeDEngine"/>
	<entry key="urn:hl7-org:knowledgeartifact:r1:ValueSet" value="HeD.Engine.Verification.ValueSetVerifier, HeDEngine"/>
	<entry key="urn:hl7-org:knowledgeartifact:r1:InValueSet" value="HeD.Engine.Verification.OperatorNodeVerifier, HeDEngine"/>
	<entry key="urn:hl7-org:knowledgeartifact:r1:Subsumes" value="HeD.Engine.Verification.OperatorNodeVerifier, HeDEngine"/>
	<entry key="urn:hl7-org:knowledgeartifact:r1:SetSubsumes" value="HeD.Engine.Verification.OperatorNodeVerifier, HeDEngine"/>
</map>