<?xml version="1.0" encoding="UTF-8"?>
<ClinicalStatement xmlns:xsi="http://www.w3.org/2001/XMLSchema-instance"
    xsi:schemaLocation="urn:hl7-org:r2 ../../../schemata/vmr/vmr.xsd" xmlns="urn:hl7-org:vmr:r2"
    xmlns:dt="urn:hl7-org:cdsdt:r2" xsi:type="Problem">
    <templateId root="2.16.840.1.113883.3.1829.11.7.2.16" identifierName="EncounterDiagnosis"/>
    <conditionCode codeSystem="OID for ICD9CM" codeSystemName="ICD9CM" code="250.00">
        <dt:displayName value="Diabetes mellitus"/>
    </conditionCode> 
    <diagnosticEventTime>
        <dt:low value="20130613080500"/>
        <dt:high value="20130613080500"/>
    </diagnosticEventTime>
    <priorityInEncounter codeSystem="OID for PTS" codeSystemName="PTS" code="PTS">
        <dt:displayName value="PTS"/>
    </priorityInEncounter>
</ClinicalStatement>

<!-- PTS = per template specification -->