<?xml version="1.0" encoding="UTF-8"?>
<knowledgeDocument 
		xmlns="urn:hl7-org:knowledgeartifact:r1" 
		xmlns:xsi="http://www.w3.org/2001/XMLSchema-instance" 
		xmlns:dt="urn:hl7-org:cdsdt:r2"
		xmlns:vmr="urn:hl7-org:vmr:r2"
		xsi:schemaLocation="urn:hl7-org:knowledgeartifact:r1 ../schema/knowledgeartifact/knowledgedocument.xsd urn:hl7-org:vmr:r2 ../schema/vmr/vmr.xsd">
	<metadata>
		<identifiers>
			<identifier root="TestECAArtifact" version="1.0"/>
		</identifiers>
		<artifactType value="Rule"/>
		<schemaIdentifier root="urn:hl7-org:knowledgeartifact:r1" version="1.0"/>
		<dataModels>
			<modelReference>
				<description value="HL7 Virtual Medical Record 1.0"/>
				<referencedModel value="urn:hl7-org:vmr:r2"/>
			</modelReference>
		</dataModels>
		<title value="Test ECA Artifact"/>
		<status value="InTest"/>
	</metadata>
	<externalData>
		<parameter name="TestThreshold" parameterType="xsi:int">
			<default xsi:type="IntegerLiteral" value="24"/>
		</parameter>
		<def name="Patient">
			<expression xsi:type="ClinicalRequest" cardinality="Single"	dataType="vmr:EvaluatedPerson" isInitial="true" 
				idProperty="id" />
		</def>
	</externalData>
	<expressions>
        <def name="TestExpression">
            <expression xsi:type="Add">
                <operand xsi:type="IntegerLiteral" value="2"/>
                <operand xsi:type="IntegerLiteral" value="2"/>
            </expression>
        </def>
		<def name="TestObjectExpression">
			<expression xsi:type="ObjectExpression" objectType="vmr:SubstanceAdministrationProposal">
				<description>Prescribe aspirin or other antithrombotic</description>
				<property name="substance.substanceCode">
					<value xsi:type="CodeLiteral" code="2.16.840.1.113883.3.464.1003.196.12.1211" codeSystem="National Committee for Quality Assurance" displayName="Select a medication from this value set." />
				</property>
			</expression>
		</def>
		<def name="TestAddressPartType">
			<expression xsi:type="Equal">
				<operand xsi:type="Property" path="type">
					<source xsi:type="Indexer">
						<operand xsi:type="Property" path="part">
							<source xsi:type="AddressLiteral" use="ABC">
								<part value="XYZ" type="ADL"/>
							</source>
						</operand>
						<index xsi:type="IntegerLiteral" value="1"/>
					</source>
				</operand>
				<operand xsi:type="StringLiteral" value="ADL"/>
			</expression>
		</def>
		<def name="TestComplexLiteral">
			<expression xsi:type="ComplexLiteral">
				<value xsi:type="vmr:SubstanceAdministrationProposal">
					<vmr:id root="12345" /> <!-- TODO: id should not be required -->

					<!-- Starting Dose: 2 mcg/kg/min -->
					<vmr:relatedClinicalStatement>
						<vmr:targetRole code="???"
							codeSystem="???" codeSystemName="???" >
							<dt:displayName value="ExtendClassWithAttribute"/>
						</vmr:targetRole>
						<vmr:clinicalStatement xsi:type="vmr:ObservationResult">
							<vmr:id root="12345" />
							<vmr:observationFocus code="???" codeSystem="???"
								codeSystemName="???">
								<dt:displayName value="Starting Dose"/>
							</vmr:observationFocus>
							<vmr:observationValue>
								<vmr:value xsi:type="dt:PQ" value="2" unit="mcg/kg/min"/>
							</vmr:observationValue>
						</vmr:clinicalStatement>
					</vmr:relatedClinicalStatement>

					<!-- Titrate Increment: 0.5 mcg/kg/min -->
					<vmr:relatedClinicalStatement>
						<vmr:targetRole code="???" codeSystem="???" codeSystemName="???" ><dt:displayName value="extendClassWithAttribute"/></vmr:targetRole>
						<vmr:clinicalStatement xsi:type="vmr:ObservationResult">
							<vmr:id root="12345" />
							<vmr:observationFocus code="???" codeSystem="???" codeSystemName="???" ><dt:displayName value="Titrate Increment"/></vmr:observationFocus>
							<vmr:observationValue><vmr:value xsi:type="dt:PQ" value="0.5" unit="mcg/kg/min" /></vmr:observationValue>
						</vmr:clinicalStatement>
					</vmr:relatedClinicalStatement>
					<!-- Titrate Frequency: q5min -->
					<vmr:relatedClinicalStatement>
						<vmr:targetRole code="???" codeSystem="???" codeSystemName="???" ><dt:displayName value="extendClassWithAttribute"/></vmr:targetRole>
						<vmr:clinicalStatement xsi:type="vmr:ObservationResult">
							<vmr:id root="12345" />
							<vmr:observationFocus code="???" codeSystem="???" codeSystemName="???" ><dt:displayName value="Titrate Frequency"/></vmr:observationFocus>
							<vmr:observationValue><vmr:value xsi:type="dt:CD" code="???" codeSystem="???" codeSystemName="???"><dt:displayName value="q5min"/></vmr:value></vmr:observationValue>
						</vmr:clinicalStatement>
					</vmr:relatedClinicalStatement>
					<!-- Nursing Instruction: "Hold if HR Greater than: 120" -->
					<vmr:relatedClinicalStatement>
						<vmr:targetRole code="???" codeSystem="???" codeSystemName="???" ><dt:displayName value="extendClassWithAttribute"/></vmr:targetRole>
						<vmr:clinicalStatement xsi:type="vmr:ObservationResult">
							<vmr:id root="12345" />
							<vmr:observationFocus code="???" codeSystem="???" codeSystemName="???" ><dt:displayName value="Nursing Instructions"/></vmr:observationFocus>
							<vmr:observationValue ><vmr:value xsi:type="dt:ST" value="Hold if HR Greater than: 120" /></vmr:observationValue>
						</vmr:clinicalStatement>
					</vmr:relatedClinicalStatement>

					<!-- Nursing Instruction: "Keep MAP Greater Than: 60" -->
					<vmr:relatedClinicalStatement>
						<vmr:targetRole code="???" codeSystem="???" codeSystemName="???" ><dt:displayName value="extendClassWithAttribute"/></vmr:targetRole>
						<vmr:clinicalStatement xsi:type="vmr:ObservationResult">
							<vmr:id root="12345" />
							<vmr:observationFocus code="???" codeSystem="???" codeSystemName="???" ><dt:displayName value="Nursing Instructions"/></vmr:observationFocus>
							<vmr:observationValue><vmr:value xsi:type="dt:ST" value="Keep MAP Greater Than: 60"/></vmr:observationValue>
						</vmr:clinicalStatement>
					</vmr:relatedClinicalStatement>

					<!-- Priority: Routine" -->
					<!-- NOTE: Not using Criticality due to semantic overload of Priority 
						and Criticality -->
					<vmr:relatedClinicalStatement>
						<vmr:targetRole code="extendClassWithAttribute" codeSystem="HeDVMRExtensionAttributes" codeSystemName="HeDVMRExtensionAttributes"><dt:displayName value="extendClassWithAttribute"/></vmr:targetRole>
						<vmr:clinicalStatement xsi:type="vmr:ObservationResult">
							<vmr:id root="12345" />
							<vmr:observationFocus code="???" codeSystem="???" codeSystemName="???"><dt:displayName value="Priority"/></vmr:observationFocus>
							<vmr:observationValue><vmr:value xsi:type="dt:CD" code="???" codeSystem="???" codeSystemName="???"><dt:displayName value="Routine"/></vmr:value></vmr:observationValue>
						</vmr:clinicalStatement>
					</vmr:relatedClinicalStatement>

					<!-- Specify the drug diluent for this Complex IV -->
					<vmr:relatedClinicalStatement>
						<vmr:targetRole code="74626007" codeSystem="2.16.840.1.113883.6.96" codeSystemName="SNOMED-CT" ><dt:displayName value="Drug diluent"/></vmr:targetRole>
						<vmr:clinicalStatement xsi:type="vmr:SubstanceAdministrationProposal">
							<vmr:id root="12345" />
							<vmr:substance>
								<vmr:id root="12345" />
								<vmr:substanceCode code="400420008" codeSystem="2.16.840.1.113883.6.96" codeSystemName="SNOMED-CT"><dt:displayName value="Dextrose 5g/100mL (5%) injection solution 500mL vial"/></vmr:substanceCode>
							</vmr:substance>
						</vmr:clinicalStatement>
					</vmr:relatedClinicalStatement>
					<!-- Specify the drug additive for this Complex IV -->
					<vmr:relatedClinicalStatement>
						<vmr:targetRole code="81388006" codeSystem="2.16.840.1.113883.6.96" codeSystemName="SNOMED-CT"><dt:displayName value="Drug additive"/></vmr:targetRole>
						<vmr:clinicalStatement xsi:type="vmr:SubstanceAdministrationProposal">
							<vmr:id root="12345" />
							<vmr:substance>
								<vmr:id root="12345" />
								<vmr:substanceCode code="1160755" codeSystem="2.16.840.1.113883.6.88" codeSystemName="RxNorm" ><dt:displayName value="Dopamine Injectable Product"/></vmr:substanceCode>
							</vmr:substance>
							<vmr:dose>
								<vmr:doseQuantity>
									<dt:low unit="mg" value="800"/>
									<dt:high unit="mg" value="800"/>
								</vmr:doseQuantity>
							</vmr:dose>
						</vmr:clinicalStatement>
					</vmr:relatedClinicalStatement>

					<vmr:substance>
						<vmr:id root="12345" />
						<vmr:substanceCode code="1160755" codeSystem="2.16.840.1.113883.6.88" codeSystemName="RxNorm" ><dt:displayName value="Dopamine Injectable Product"/></vmr:substanceCode>
						<vmr:substanceGenericCode/>
						<vmr:strength>
							<dt:numerator xsi:type="dt:PQ" value="800" unit="mg"/>
							<dt:denominator xsi:type="dt:PQ" value="500" unit="ml"/>
						</vmr:strength>
					</vmr:substance>

					<!-- Dose Restriction: "maximum dose of 20mcg/kg/min, titrate" -->
					<vmr:dose>
						<vmr:doseRestriction>
							<vmr:maxDoseForInterval value="20" unit="mcg/kg" /> <!-- <originalText>maximum dose of 20mcg/kg/min, titrate</originalText> -->
							<vmr:timeInterval value="1" unit="min" />
						</vmr:doseRestriction>
					</vmr:dose>
				</value>
			</expression>
		</def>
		<def name="TestObjectRedefine">
			<expression xsi:type="ObjectRedefine">
				<source xsi:type="ExpressionRef" name="BaseInsulinOrder" />
				<property name="dose[1].doseQuantity" xsi:type="PropertyExpression"><!-- Dosage: 2 units -->
					<value xsi:type="PhysicalQuantityIntervalLiteral" lowClosed="true" highClosed="true">
						<low unit="Unit" value="6"/>
						<high unit="Unit" value="6"/>
					</value>
				</property>
				<property name="relatedClinicalStatement">
					<value xsi:type="List">
						<!-- Frequency qac and qhs -->
						<element xsi:type="ExpressionRef" name="frequencyAttribute"/>
						<!-- PRN Reason as class attribute using vMR extension: Code and Text (General Use Case). To discuss as a group. -->
						<element xsi:type="ObjectExpression" objectType="vmr:RelatedClinicalStatement">
							<property name="clinicalStatement">
								<value xsi:type="ObjectRedefine">
									<source xsi:type="ExpressionRef" name="PRNReasonCodeAndText"/>
									<!-- Scenario 1: A code exists for PRN Reason -->
									<property name="observationValue">
										<value xsi:type="ObjectExpression" objectType="vmr:Value">
											<property name="value">
												<value xsi:type="CodeLiteral" code="987" codeSystem="222.2.2222.22.2222" codeSystemName="Some Code System" displayName="Fingerstick blood glucose 250-299"/>
											</property>
										</value>
									</property>
									<!-- Scenario 2: No code exists for PRN Reason, so we fill the PRN reason as text. Not interoperable but perhaps more palatable to EMR vendors for Use Case 1 -->
									<property name="observationValue">
										<value xsi:type="ObjectExpression" objectType="vmr:Value">
											<property name="value">
												<value xsi:type="StringLiteral" value="Fingerstick blood glucose 250-299"/>
											</property>
										</value>
									</property>
								</value>
							</property>
						</element>
						<!-- PRN Reason: If PRNReason code = 'Other' then associate a Related Clinical Statement for the actual reason. This represents an interoperable case when a code does not exist, precoordination is unwieldy, and text prevents proper interoperation. This is probably for the longer term as EMR are not ready to implement this third scenario. To discuss as a group. -->
						<element xsi:type="ObjectExpression" objectType="vmr:RelatedClinicalStatement">
							<property name="clinicalStatement">
								<value xsi:type="ObjectRedefine">
									<source xsi:type="ExpressionRef" name="PRNReasonRelatedObservation"/>
									<property name="observationValue">
										<value xsi:type="ObjectExpression" objectType="vmr:Value">
											<property name="value">
												<value xsi:type="PhysicalQuantityLiteral" value="250" unit="Milligram/Deciliter"/>
												<!--value xsi:type="Begin">
													<operand xsi:type="PhysicalQuantityIntervalLiteral" lowClosed="true" lowValue="250" lowUnit="Milligram/Deciliter" highClosed="true" highValue="299" highUnit="Milligram/Deciliter"/>
												</value-->
											</property>
										</value>
									</property>
								</value>
							</property>
						</element>
					</value>
				</property>
			</expression>
		</def>
		<!-- Here we define the attribute that will hold the coded frequency for our orders: frequency = qac and qhs -->
		<def name="frequencyAttribute">
			<!-- 
			NOTE: We cannot use the dosingSig attribute because it is only present on the SubstanceAdministrationOrder, not the SubstranceAdministrationProposal.
			As a result, the extension approach is used to model the dosing frequency. 
			-->
			<expression xsi:type="ObjectExpression" objectType="vmr:RelatedClinicalStatement">
				<property name="targetRole">
					<value xsi:type="CodeLiteral" code="111" codeSystem="1.111.11.111.111" codeSystemName="Some Value Set" displayName="extendClassWithAttribute"/>
				</property>
				<property name="clinicalStatement">
					<value xsi:type="ObjectExpression" objectType="vmr:ObservationResult">
						<!-- NOTE: observationFocus here is used to specify the name of the attribute being defined. -->
						<property name="observationFocus">
							<value xsi:type="CodeLiteral" code="272123002" codeSystem="2.16.840.1.113883.6.96" codeSystemName="SNOMED-CT" displayName="Frequencies"/>
						</property>
						<!-- NOTE: observationValue is used to specify the value of the attribute. -->
						<property name="observationValue">
							<value xsi:type="ObjectExpression" objectType="vmr:Value">
								<property name="value">
									<value xsi:type="CodeLiteral" code="420660006" codeSystem="2.16.840.1.113883.6.96" codeSystemName="SNOMED-CT" displayName="Four times daily before meals and at bedtime"/>
								</property>
							</value>
						</property>
					</value>
				</property>
			</expression>
		</def>
		<!-- Here we define a 'base' insulin order whose dosage we will redefine in multiple places in this order set. -->
		<def name="BaseInsulinOrder">
			<expression xsi:type="ObjectExpression" objectType="vmr:SubstanceAdministrationProposal">
				<property name="substance.substanceCode"><!-- The code for this medication order -->
					<value xsi:type="CodeLiteral" code="221109" codeSystem="2.16.840.1.113883.6.88" codeSystemName="RxNorm" displayName="Insulin, Regular, Pork"/>
				</property>
					<!-- doseQuantity will be redefined for each actual orders as the value of this attribute varies depending on the blood glucose level -->
				<property name="dose">
					<value xsi:type="List">
						<element xsi:type="ObjectExpression" objectType="vmr:Dose">
							<property name="deliveryRoute"><!-- Delivery Route-->
								<value xsi:type="CodeLiteral" code="431784008" codeSystem="2.16.840.1.113883.6.96" codeSystemName="SNOMED-CT" displayName="Administration of substance via subcutaneous route"/>
							</property>
						</element>
					</value>
				</property>
				<property name="relatedClinicalStatement"> <!-- Frequency qac and qhs -->
					<value xsi:type="List">
						<element xsi:type="ExpressionRef" name="frequencyAttribute"/>
					</value>
				</property>
			</expression>
		</def>
		<!-- Scenario 1 & 2 (current use cases): In case one wishes to enter a code for PRN Reason or free text it in -->
		<def name="PRNReasonCodeAndText">
			<expression xsi:type="ObjectExpression" objectType="vmr:ObservationResult"><!-- Blood Glucose Measurement -->
				<property name="observationFocus">
					<value xsi:type="CodeLiteral" code="104686004" codeSystem="2.16.840.1.113883.6.96" codeSystemName="SNOMED-CT" displayName="Glucose measurement, blood, test strip"/>
				</property>
				<!-- redefine property observationValue.code or observationValue.text in each individual order depending upon the scenario chosen -->
			</expression>
		</def>
		<!-- Scenario 3 (future use case): In case one wishes to model the PRN reason as an ObservationResult if PRNReason code is 'Other' and one does not wish to free text the PRN Reason -->
		<def name="PRNReasonRelatedObservation">
			<expression xsi:type="ObjectExpression" objectType="vmr:ObservationResult"><!-- Blood Glucose Measurement -->
				<property name="observationFocus">
					<value xsi:type="CodeLiteral" code="104686004" codeSystem="2.16.840.1.113883.6.96" codeSystemName="SNOMED-CT" displayName="Glucose measurement, blood, test strip"/>
				</property>
				<!-- redefine property observationValue.physicalQuantity in each individual order -->
			</expression>
		</def>
        <def name="TestDocument">
            <expression xsi:type="ObjectExpression" objectType="vmr:Documentation">
            </expression>
        </def>
        <def name="CircularExpression">
			<expression xsi:type="ExpressionRef" name="CircularExpression"/>
		</def>
	</expressions>
	<conditions>
		<condition>
			<logic xsi:type="Equal">
				<operand xsi:type="Literal" valueType="xsi:int" value="24"/>
				<operand xsi:type="ParameterRef" name="TestThreshold"/>
			</logic>
			<conditionRole value="ApplicableScenario"/>
		</condition>
	</conditions>
	<actionGroup>
		<subElements>
			<simpleAction xsi:type="CreateAction">
				<textEquivalent value="This is a test message."/>
			</simpleAction>
		</subElements>
	</actionGroup>
</knowledgeDocument>
