<?xml version="1.0" encoding="UTF-8"?>
<knowledgeDocument xmlns="urn:hl7-org:knowledgeartifact:r1"
	xmlns:dt="urn:hl7-org:cdsdt:r2" xmlns:xhtml="http://www.w3.org/1999/xhtml"
	xmlns:vmr="urn:hl7-org:vmr:r2" xmlns:xml="http://www.w3.org/XML/1998/namespace"
	xmlns:xsi="http://www.w3.org/2001/XMLSchema-instance"
	xsi:schemaLocation="urn:hl7-org:knowledgeartifact:r1 ../schema/knowledgeartifact/knowledgedocument.xsd">
	<metadata>
		<identifiers>
			<identifier root="cf367995-1f65-45b8-b3f2-9e0b0cd965aa" />
		</identifiers>
		<artifactType value="Rule" />
		<schemaIdentifier root="urn:hl7-org:knowledgeartifact:r1" />
		<dataModels>
			<modelReference>
				<description value="Virtual Medical Record model release 2 candidate" />
				<referencedModel value="urn:hl7-org:vmr:r2" />
			</modelReference>
		</dataModels>
		<title value="Weight Example" />
		<status value="Draft" />
		<eventHistory>
			<artifactLifeCycleEvent>
				<eventType value="Created"></eventType>
				<eventDateTime value="20130806" />
			</artifactLifeCycleEvent>
		</eventHistory>
		<contributions>
			<contribution>
				<contributor xsi:type="Person">
					<contacts>
						<contact value="mailto:aziz.boxwala@meliorix.com"/>
					</contacts>
					<name>
						<dt:part type="FAM" value="Boxwala"/>
						<dt:part type="GIV" value="Aziz"/>
					</name>
					<affiliation>
						<name value="Meliorix Inc"/>
					</affiliation>
				</contributor>
				<role value="Author"/>
			</contribution>
		</contributions>
	</metadata>
	<externalData>
		<def name="Patient">
			<expression xsi:type="ClinicalRequest" cardinality="Single"
				dataType="vmr:EvaluatedPerson" isInitial="true">
				<description>Get patient data object</description>
			</expression>
		</def>
		
		<def name="BodyWeightObsLast7Days">
			<expression xsi:type="ClinicalRequest" cardinality="Multiple"
				dataType="vmr:ObservationResult" isInitial="true">
					<description>List of body weight measurements in the last 7 days</description>
					<codes xsi:type="ValueSet" id="TBD codes for body wieght" 
					authority="TBD"/>
					<dateRange xsi:type="Interval">
						<description>From (7 days ago) to today</description>
						<begin xsi:type="DateAdd">
							<description>7 days ago</description>
							<date xsi:type="Today" />
							<granularity xsi:type="Literal" valueType="DateGranularity"	value="Day" />
							<numberOfPeriods xsi:type="IntegerLiteral" value="-7" />
						</begin>
						<end xsi:type="Today" />
					</dateRange>
			</expression>
		</def>
				
	</externalData>

	<expressions>
		<def name="BodyWeightPQLast7Days">
			<expression xsi:type="ForEach">
				<description>Create a new list by extracting the body weight value as a PQ (PhysicalQuantity)from the body weight ObservationResults</description>
				<source xsi:type="ExpressionRef" name="BodyWeightObsLast7Days"/>
				<element xsi:type="As" asType="dt:PQ">
					<description>Cast the observation value into PQ</description>
					<operand xsi:type="Property" path="observationValue"/>
				</element>
			</expression>
		</def>
		
		<def name="MaxBodyWeightInLast7Days">
			<expression xsi:type="Max" path="value">
				<description>Returns a PQ object from the list which has the maximum value</description>
				<source xsi:type="ExpressionRef" name="BodyWeightPQLast7Days"/>		
			</expression>
		</def>
		
		<def name="FirstBodyWeightObsInLast7Days">
			<expression xsi:type="First">
				<source xsi:type="Sort" orderBy="observationEventTime.low">
					<source xsi:type="ExpressionRef" name="BodyWeightObsLast7Days"/>
				</source>
			</expression>
		</def>
		
		<def name="LastBodyWeightObsInLast7Days">
			<expression xsi:type="Last">
				<source xsi:type="Sort" orderBy="observationEventTime.low">
					<source xsi:type="ExpressionRef" name="BodyWeightObsLast7Days"/>
				</source>
			</expression>
		</def>
		
		<def name="WeightChangeWithinLast7Days">
			<expression xsi:type="Subtract">
				<operand xsi:type="Property" path="value">
					<source xsi:type="As" asType="dt:PQ">
					 	<operand xsi:type="Property" path="observationValue">
							<source xsi:type="ExpressionRef" name="LastBodyWeightObsInLast7Days"/>
						</operand>
					</source>
				</operand>
				<operand xsi:type="Property" path="value">
					<source xsi:type="As" asType="dt:PQ">
					 	<operand xsi:type="Property" path="observationValue">
							<source xsi:type="ExpressionRef" name="FirstBodyWeightObsInLast7Days"/>
						</operand>
					</source>
				</operand>
			</expression>
		</def>
	</expressions>

	<actionGroup>
		<subElements>
			<simpleAction xsi:type="CreateAction">
				<textEquivalent value="Do nothing - this rule is a container for expression examples"/>
			</simpleAction>
		</subElements>
	</actionGroup>
</knowledgeDocument>
