<?xml version="1.0" encoding="UTF-8"?>
<ClinicalStatement xmlns:xsi="http://www.w3.org/2001/XMLSchema-instance"
    xsi:schemaLocation="urn:hl7-org:r2 ../../../schemata/vmr/vmr.xsd" xmlns="urn:hl7-org:vmr:r2"
    xmlns:dt="urn:hl7-org:cdsdt:r2" xsi:type="Problem">
    <templateId root="2.16.840.1.113883.3.1829.11.7.2.17" identifierName="FamilyMedicalHistoryEntryCodeTimeRangeCriticalityAndStatusOnly"/>
    <conditionCode codeSystem="OID for ICD9CM" codeSystemName="ICD9CM" code="250.00">
        <dt:displayName value="Diabetes mellitus"/>
    </conditionCode> 
    <conditionEffectiveTime><dt:low value="20130613080500"/><dt:high value="20130613080500"/></conditionEffectiveTime>
    <conditionStatus codeSystem="OID for SNOMED CT" codeSystemName="SNOMED CT" code="PTS">
        <dt:displayName value="PTS"/>
    </conditionStatus> 
    <severity codeSystem="PTS" codeSystemName="PTS" code="PTS">
        <dt:displayName value="PTS"/>
    </severity>
</ClinicalStatement>

<!-- PTS = per template specification -->