<?xml version="1.0" encoding="UTF-8"?>
<ClinicalStatement xmlns:xsi="http://www.w3.org/2001/XMLSchema-instance"
    xsi:schemaLocation="urn:hl7-org:vmr:r2 ../../../schemata/vmr/vmr.xsd"
    xmlns:dt="urn:hl7-org:cdsdt:r2" xmlns="urn:hl7-org:vmr:r2" xsi:type="ObservationResult">
    <templateId root="2.16.840.1.113883.3.1829.11.6.3.7" identifierName="ObservationResultWithInterpretation"/>
    <templateId root="2.16.840.1.113883.3.1829.11.11.15" identifierName="ValueDatatypePQ"/>
    <observationFocus codeSystem="PTS" codeSystemName="PTS" code="PTS" >
        <dt:displayName value="PTS"/>
    </observationFocus>
    <interpretation codeSystem="PTS" codeSystemName="PTS" code="PTS">
        <dt:displayName value="PTS"/>
    </interpretation>
    <observationEventTime>
        <dt:low value="20130613080500"/>
        <dt:high value="20130613080500"/>
    </observationEventTime>
    <observationValue>
        <value xsi:type="dt:PQ" value="40" unit="%"/>
    </observationValue> 
</ClinicalStatement>

<!-- PTS = per template specification -->
