<?xml version="1.0" encoding="UTF-8"?>
<ClinicalStatement xmlns:xsi="http://www.w3.org/2001/XMLSchema-instance"
    xsi:schemaLocation="urn:hl7-org:vmr:r2 ../../../schemata/vmr/vmr.xsd"
    xmlns:dt="urn:hl7-org:cdsdt:r2" xmlns="urn:hl7-org:vmr:r2" xsi:type="ObservationResult">
    <templateId root="2.16.840.1.113883.3.1829.11.6.3.10" identifierName="VitalSigns"/>
    <observationFocus codeSystem="2.16.840.1.113883.6.1" codeSystemName="LOINC" code="8480-6">
        <dt:displayName value="Intravascular Systolic"/>
    </observationFocus>
    <observationEventTime>
        <dt:low value="20130613080500"/>
        <dt:high value="20130613080500"/>
    </observationEventTime>
    <observationValue>
        <value xsi:type="dt:PQ" value="145" unit="mm[Hg]"/>
    </observationValue>
</ClinicalStatement>

<!-- PTS = per template specification -->