<?xml version="1.0" encoding="UTF-8"?>
<ClinicalStatement xmlns:xsi="http://www.w3.org/2001/XMLSchema-instance"
    xsi:schemaLocation="urn:hl7-org:vmr:r2 ../../../schemata/vmr/vmr.xsd" xmlns="urn:hl7-org:vmr:r2"
    xmlns:dt="urn:hl7-org:cdsdt:r2" xsi:type="SubstanceAdministrationEvent">
    <templateId root="2.16.840.1.113883.3.1829.11.9.1.6" identifierName="Current Medication List Entry (Code Only)"/>
    <substance>
        <substanceCode codeSystem="OID for RXNORM" codeSystemName="RXNORM" code="310798">
            <dt:displayName value="Hydrochlorothiazide 25 MG Oral Tablet"/>
        </substanceCode>
    </substance>
    <substanceAdministrationGeneralPurpose codeSystem="2.16.840.1.113883.6.96" codeSystemName="SNOMED CT" code="18629005">
        <dt:displayName value="Administration of drug or medicament"/>
    </substanceAdministrationGeneralPurpose>
</ClinicalStatement>

<!-- PTS = per template specification -->